{
  "acc10": 11408.619999999995,
  "acc5": 4287.460000000005,
  "acc7": 615.2800000000057,
  "acc1": 14065.889999999983,
  "acc8": 7758.310000000004,
  "acc9": 9755.129999999997,
  "acc2": -30927.500000000015,
  "acc3": -7751.879999999994,
  "acc6": -6413.109999999997,
  "acc4": -16466.509999999995
}