{
  "acc10": 10243.079999999998,
  "acc5": 5993.820000000004,
  "acc7": 1056.6400000000056,
  "acc1": 14738.409999999982,
  "acc8": 8210.470000000003,
  "acc9": 10928.659999999998,
  "acc2": -31818.350000000013,
  "acc3": -5611.479999999994,
  "acc6": -9520.869999999999,
  "acc4": -14604.269999999993
}